similarity,rmse,mae
cosine,1.5515018463134767,1.1514988660812377
msd,1.5515018463134767,1.1514988660812377
pearson,1.1192157506942748,0.8001404166221618
