similarity,rmse,mae
cosine,0.9809860706329345,0.760969054698944
msd,0.9600391387939453,0.7378233432769775
pearson,0.9151250958442688,0.6985958099365235
